INSERT INTO production.categories (category_name) VALUES
('Electronics'),
('Home Appliances'),
('Furniture'),
('Clothing'),
('Automotive'),
('Toys & Games'),
('Books'),
('Sports Equipment'),
('Groceries'),
('Health & Beauty'),
('Jewelry'),
('Footwear'),
('Tools & Hardware'),
('Pet Supplies'),
('Garden & Outdoor'),
('Office Supplies'),
('Baby Products'),
('Musical Instruments'),
('Bicycles & Accessories'),
('Cameras & Photography'),
('Smart Home Devices'),
('Gaming Consoles'),
('Watches'),
('Luggage & Travel'),
('Handmade Goods'),
('Industrial Equipment'),
('Medical Supplies'),
('Stationery'),
('Fine Arts'),
('Luxury Goods');

INSERT INTO production.brands (brand_name) VALUES
('Samsung'),
('Apple'),
('Sony'),
('Nike'),
('Adidas'),
('Toyota'),
('Lego'),
('AmazonBasics'),
('Panasonic'),
('Dell'),
('Asus'),
('HP'),
('Lenovo'),
('Puma'),
('LG'),
('Rolex'),
('Canon'),
('Microsoft'),
('Honda'),
('Tesla'),
('KitchenAid'),
('Bose'),
('Philips'),
('Nikon'),
('Under Armour'),
('Fossil'),
('Reebok'),
('Seiko'),
('GoPro'),
('Gucci');

INSERT INTO production.products (product_name, brand_id, category_id, model_year, list_price) VALUES
('iPhone 14', 2, 1, 2023, 999.99),
('MacBook Pro', 2, 1, 2022, 1999.99),
('Galaxy S23', 1, 1, 2023, 899.99),
('Nike Air Max', 4, 12, 2023, 149.99),
('Adidas Ultraboost', 5, 12, 2023, 180.00),
('Lego Star Wars Set', 7, 6, 2022, 159.99),
('Sony WH-1000XM5', 3, 1, 2023, 349.99),
('Bose QuietComfort 45', 22, 1, 2023, 329.99),
('Dell XPS 15', 10, 1, 2023, 1599.99),
('HP Envy 13', 12, 1, 2023, 1199.99),
('Canon EOS R6', 17, 20, 2023, 2499.99),
('Nikon Z6', 24, 20, 2023, 1999.99),
('Tesla Model 3 Battery', 20, 5, 2023, 9999.99),
('GoPro HERO10', 28, 20, 2023, 499.99),
('Microsoft Surface Laptop', 18, 1, 2023, 1299.99),
('Asus ROG Gaming Laptop', 11, 1, 2023, 1799.99),
('LG OLED TV 55-inch', 15, 1, 2023, 1299.99),
('KitchenAid Stand Mixer', 21, 2, 2023, 349.99),
('Fossil Smartwatch', 26, 23, 2023, 199.99),
('Rolex Submariner', 16, 23, 2023, 9999.99),
('Samsung Smart Fridge', 1, 2, 2023, 2499.99),
('Panasonic Microwave', 9, 2, 2023, 199.99),
('Toyota Camry Engine', 6, 5, 2023, 6999.99),
('Honda Accord Battery', 19, 5, 2023, 999.99),
('Under Armour Running Shoes', 25, 12, 2023, 120.00),
('Seiko Diver Watch', 27, 23, 2023, 350.00),
('Gucci Handbag', 30, 30, 2023, 2499.99),
('Amazon Echo Dot', 8, 21, 2023, 49.99),
('Philips Electric Shaver', 23, 10, 2023, 79.99),
('Trek Mountain Bike', 19, 19, 2023, 699.99);

INSERT INTO sales.customers (first_name, last_name, phone, email, street, city, state, zip_code) VALUES
('John', 'Doe', '555-1234', 'john.doe@example.com', '123 Elm St', 'Los Angeles', 'CA', '90001'),
('Jane', 'Smith', '555-5678', 'jane.smith@example.com', '456 Oak St', 'New York', 'NY', '10001'),
('Michael', 'Johnson', '555-2345', 'michael.johnson@example.com', '789 Pine St', 'Chicago', 'IL', '60601'),
('Emily', 'Davis', '555-8765', 'emily.davis@example.com', '321 Cedar St', 'Houston', 'TX', '77001'),
('David', 'Wilson', '555-3456', 'david.wilson@example.com', '654 Birch St', 'Phoenix', 'AZ', '85001'),
('Sarah', 'Brown', '555-4567', 'sarah.brown@example.com', '987 Maple St', 'Philadelphia', 'PA', '19101'),
('Daniel', 'Martinez', '555-5678', 'daniel.martinez@example.com', '741 Walnut St', 'San Antonio', 'TX', '78201'),
('Jessica', 'Garcia', '555-6789', 'jessica.garcia@example.com', '852 Spruce St', 'San Diego', 'CA', '92101'),
('Matthew', 'Anderson', '555-7890', 'matthew.anderson@example.com', '963 Cedar St', 'Dallas', 'TX', '75201'),
('Ashley', 'Thomas', '555-8901', 'ashley.thomas@example.com', '147 Hickory St', 'San Jose', 'CA', '95101'),
('Ryan', 'Hernandez', '555-9012', 'ryan.hernandez@example.com', '258 Sycamore St', 'Austin', 'TX', '73301'),
('Sophia', 'Moore', '555-0123', 'sophia.moore@example.com', '369 Palm St', 'Jacksonville', 'FL', '32099'),
('Christopher', 'Jackson', '555-1235', 'chris.jackson@example.com', '951 Willow St', 'Fort Worth', 'TX', '76101'),
('Ava', 'White', '555-2346', 'ava.white@example.com', '753 Fir St', 'Columbus', 'OH', '43085'),
('James', 'Harris', '555-3457', 'james.harris@example.com', '852 Poplar St', 'San Francisco', 'CA', '94101'),
('Isabella', 'Clark', '555-4568', 'isabella.clark@example.com', '369 Redwood St', 'Charlotte', 'NC', '28201'),
('Benjamin', 'Lewis', '555-5679', 'benjamin.lewis@example.com', '147 Juniper St', 'Indianapolis', 'IN', '46201'),
('Mia', 'Walker', '555-6780', 'mia.walker@example.com', '258 Olive St', 'Seattle', 'WA', '98101'),
('Ethan', 'Young', '555-7891', 'ethan.young@example.com', '369 Palm St', 'Denver', 'CO', '80201'),
('Charlotte', 'Allen', '555-8902', 'charlotte.allen@example.com', '951 Birch St', 'Washington', 'DC', '20001'),
('Alexander', 'King', '555-9013', 'alex.king@example.com', '753 Spruce St', 'Boston', 'MA', '02101'),
('Amelia', 'Scott', '555-0124', 'amelia.scott@example.com', '852 Hickory St', 'Nashville', 'TN', '37201'),
('William', 'Green', '555-1236', 'will.green@example.com', '369 Willow St', 'Oklahoma City', 'OK', '73101'),
('Oliver', 'Baker', '555-2347', 'oliver.baker@example.com', '147 Sycamore St', 'Las Vegas', 'NV', '89101'),
('Evelyn', 'Gonzalez', '555-3458', 'evelyn.gonzalez@example.com', '258 Poplar St', 'Portland', 'OR', '97201'),
('Daniel', 'Nelson', '555-4569', 'daniel.nelson@example.com', '369 Redwood St', 'Detroit', 'MI', '48201'),
('Harper', 'Carter', '555-5670', 'harper.carter@example.com', '951 Fir St', 'Louisville', 'KY', '40201'),
('Elijah', 'Mitchell', '555-6781', 'elijah.mitchell@example.com', '753 Cedar St', 'Memphis', 'TN', '38101'),
('Abigail', 'Perez', '555-7892', 'abigail.perez@example.com', '258 Hickory St', 'Baltimore', 'MD', '21201'),
('Lucas', 'Roberts', '555-8903', 'lucas.roberts@example.com', '369 Maple St', 'Milwaukee', 'WI', '53201');

INSERT INTO sales.stores (store_name, phone, email, street, city, state, zip_code) VALUES
('Tech Store LA', '555-1001', 'la@techstore.com', '500 Tech Ave', 'Los Angeles', 'CA', '90001'),
('Gadget Hub NY', '555-1002', 'ny@gadgethub.com', '600 Electronics Blvd', 'New York', 'NY', '10001'),
('Fashion Outlet Chicago', '555-1003', 'chicago@fashionoutlet.com', '700 Fashion St', 'Chicago', 'IL', '60601'),
('Sports Zone Houston', '555-1004', 'houston@sportszone.com', '800 Fitness Rd', 'Houston', 'TX', '77001'),
('Auto Parts Phoenix', '555-1005', 'phoenix@autoparts.com', '900 Car Blvd', 'Phoenix', 'AZ', '85001'),
('Book Haven Philadelphia', '555-1006', 'philly@bookhaven.com', '100 Book Ln', 'Philadelphia', 'PA', '19101'),
('Toy Universe San Antonio', '555-1007', 'sanantonio@toyworld.com', '200 Toyland Ave', 'San Antonio', 'TX', '78201'),
('Grocery Depot San Diego', '555-1008', 'sandiego@grocerydepot.com', '300 Market St', 'San Diego', 'CA', '92101'),
('Health & Beauty SF', '555-1009', 'sf@healthbeauty.com', '400 Beauty Ave', 'San Francisco', 'CA', '94101'),
('Furniture Mart Dallas', '555-1010', 'dallas@furnituremart.com', '500 Comfort Rd', 'Dallas', 'TX', '75201'),
('Smart Home Hub Austin', '555-1011', 'austin@smarthome.com', '600 Home Tech St', 'Austin', 'TX', '73301'),
('Gaming World Denver', '555-1012', 'denver@gamingworld.com', '700 Console Blvd', 'Denver', 'CO', '80201'),
('Luxury Watches DC', '555-1013', 'dc@luxurywatches.com', '800 Watch St', 'Washington', 'DC', '20001'),
('Handmade Creations Seattle', '555-1014', 'seattle@handmade.com', '900 Artisan Ave', 'Seattle', 'WA', '98101'),
('Industrial Supply Boston', '555-1015', 'boston@industrialsupply.com', '100 Factory Rd', 'Boston', 'MA', '02101'),
('Medical Essentials Nashville', '555-1016', 'nashville@medical.com', '200 Wellness St', 'Nashville', 'TN', '37201'),
('Office Supplies Orlando', '555-1017', 'orlando@officesupplies.com', '300 Business Blvd', 'Orlando', 'FL', '32801'),
('Pet Paradise Portland', '555-1018', 'portland@petparadise.com', '400 Pet Care Rd', 'Portland', 'OR', '97201'),
('Garden Haven Miami', '555-1019', 'miami@gardenhaven.com', '500 Green Ave', 'Miami', 'FL', '33101'),
('Jewelry Emporium Las Vegas', '555-1020', 'lasvegas@jewelryemporium.com', '600 Diamond Blvd', 'Las Vegas', 'NV', '89101'),
('Baby Essentials Detroit', '555-1021', 'detroit@babyessentials.com', '700 Infant Rd', 'Detroit', 'MI', '48201'),
('Stationery World Louisville', '555-1022', 'louisville@stationery.com', '800 Writing Ln', 'Louisville', 'KY', '40201'),
('Music Mania Memphis', '555-1023', 'memphis@musicmania.com', '900 Sound Ave', 'Memphis', 'TN', '38101'),
('Travel Gear Baltimore', '555-1024', 'baltimore@travelgear.com', '100 Adventure Rd', 'Baltimore', 'MD', '21201'),
('Outdoor Outfitters Milwaukee', '555-1025', 'milwaukee@outdoor.com', '200 Trail Ln', 'Milwaukee', 'WI', '53201'),
('Cycling World Columbus', '555-1026', 'columbus@cyclingworld.com', '300 Bike Blvd', 'Columbus', 'OH', '43085'),
('Art Supplies Chicago', '555-1027', 'chicago@artsupplies.com', '400 Painting Rd', 'Chicago', 'IL', '60602'),
('Fitness Hub Indianapolis', '555-1028', 'indianapolis@fitnesshub.com', '500 Gym St', 'Indianapolis', 'IN', '46201'),
('Luxury Goods Manhattan', '555-1029', 'manhattan@luxurygoods.com', '600 Elite Blvd', 'Manhattan', 'NY', '10002'),
('Elite Luxury Goods', '555-1030', 'elite@luxurygoods.com', '700 Prestige Ave', 'Beverly Hills', 'CA', '90210');

INSERT INTO sales.staffs (first_name, last_name, email, phone, active, store_id, manager_id) VALUES
('Alice', 'Brown', 'alice.brown@store.com', '555-2001', 1, 1, NULL),
('Bob', 'Green', 'bob.green@store.com', '555-2002', 1, 2, 1),
('Charlie', 'Black', 'charlie.black@store.com', '555-2003', 1, 3, 1),
('David', 'White', 'david.white@store.com', '555-2004', 1, 4, 2),
('Emma', 'Clark', 'emma.clark@store.com', '555-2005', 1, 5, 2),
('Frank', 'Miller', 'frank.miller@store.com', '555-2006', 1, 6, 3),
('Grace', 'Moore', 'grace.moore@store.com', '555-2007', 1, 7, 3),
('Henry', 'Taylor', 'henry.taylor@store.com', '555-2008', 1, 8, 4),
('Ivy', 'Anderson', 'ivy.anderson@store.com', '555-2009', 1, 9, 4),
('Jack', 'Thomas', 'jack.thomas@store.com', '555-2010', 1, 10, 5),
('Kara', 'Harris', 'kara.harris@store.com', '555-2011', 1, 11, 5),
('Leo', 'Lewis', 'leo.lewis@store.com', '555-2012', 1, 12, 6),
('Mia', 'Walker', 'mia.walker@store.com', '555-2013', 1, 13, 6),
('Nathan', 'Young', 'nathan.young@store.com', '555-2014', 1, 14, 7),
('Olivia', 'King', 'olivia.king@store.com', '555-2015', 1, 15, 7),
('Paul', 'Scott', 'paul.scott@store.com', '555-2016', 1, 16, 8),
('Quinn', 'Allen', 'quinn.allen@store.com', '555-2017', 1, 17, 8),
('Rachel', 'Adams', 'rachel.adams@store.com', '555-2018', 1, 18, 9),
('Sam', 'Baker', 'sam.baker@store.com', '555-2019', 1, 19, 9),
('Tina', 'Gonzalez', 'tina.gonzalez@store.com', '555-2020', 1, 20, 10),
('Umar', 'Nelson', 'umar.nelson@store.com', '555-2021', 1, 21, 10),
('Victoria', 'Carter', 'victoria.carter@store.com', '555-2022', 1, 22, 11),
('Will', 'Mitchell', 'will.mitchell@store.com', '555-2023', 1, 23, 11),
('Xander', 'Perez', 'xander.perez@store.com', '555-2024', 1, 24, 12),
('Yasmine', 'Roberts', 'yasmine.roberts@store.com', '555-2025', 1, 25, 12),
('Zack', 'Evans', 'zack.evans@store.com', '555-2026', 1, 26, 13),
('Anna', 'Diaz', 'anna.diaz@store.com', '555-2027', 1, 27, 13),
('Brian', 'Gomez', 'brian.gomez@store.com', '555-2028', 1, 28, 14),
('Cynthia', 'Reed', 'cynthia.reed@store.com', '555-2029', 1, 29, 14),
('Derek', 'Hall', 'derek.hall@store.com', '555-2030', 1, 30, 15);

INSERT INTO sales.orders (customer_id, order_status, order_date, required_date, shipped_date, store_id, staff_id) VALUES
(24, 4, '2024-10-26', '2024-10-29', '2024-10-29', 7, 3),
(12, 4, '2025-01-09', '2025-01-16', '2025-01-16', 7, 12),
(5, 2, '2024-11-21', '2024-11-29', '2024-11-29', 18, 23),
(30, 3, '2024-12-07', '2024-12-17', '2024-12-17', 24, 10),
(30, 4, '2024-12-18', '2024-12-19', '2024-12-19', 5, 2),
(19, 2, '2024-11-13', '2024-11-19', '2024-11-19', 10, 15),
(11, 1, '2024-12-30', '2025-01-04', '2025-01-04', 3, 5),
(7, 4, '2024-11-09', '2024-11-17', '2024-11-17', 16, 7),
(20, 3, '2024-10-15', '2024-10-20', '2024-10-20', 9, 19),
(16, 1, '2024-10-30', '2024-11-08', '2024-11-08', 8, 27),
(3, 4, '2024-10-07', '2024-10-10', '2024-10-10', 15, 22),
(15, 2, '2024-11-25', '2024-11-29', '2024-11-29', 23, 17),
(18, 3, '2024-12-12', '2024-12-19', '2024-12-19', 22, 11),
(4, 1, '2024-11-19', '2024-11-24', '2024-11-24', 6, 1),
(21, 4, '2024-10-25', '2024-10-27', '2024-10-27', 1, 9),
(9, 2, '2024-11-02', '2024-11-07', '2024-11-07', 12, 16),
(13, 1, '2024-12-28', '2025-01-01', '2025-01-01', 14, 30),
(2, 3, '2024-10-12', '2024-10-15', '2024-10-15', 20, 25),
(6, 4, '2024-11-17', '2024-11-22', '2024-11-22', 2, 29),
(8, 2, '2024-10-29', '2024-11-05', '2024-11-05', 4, 21),
(14, 3, '2024-11-10', '2024-11-12', '2024-11-12', 11, 14),
(22, 1, '2024-12-04', '2024-12-09', '2024-12-09', 19, 26),
(10, 4, '2024-10-16', '2024-10-21', '2024-10-21', 13, 20),
(27, 2, '2024-12-22', '2024-12-26', '2024-12-26', 25, 28),
(25, 1, '2024-11-29', '2024-12-02', '2024-12-02', 26, 6),
(1, 3, '2024-10-05', '2024-10-10', '2024-10-10', 17, 4),
(26, 4, '2024-11-01', '2024-11-06', '2024-11-06', 28, 13),
(28, 2, '2024-12-06', '2024-12-10', '2024-12-10', 21, 24),
(29, 1, '2024-10-14', '2024-10-19', '2024-10-19', 30, 8),
(17, 4, '2024-12-16', '2024-12-20', '2024-12-20', 27, 18);

INSERT INTO sales.order_items (order_id, item_id, product_id, quantity, list_price, discount) VALUES
(29, 1, 19, 6, 1548.26, 0.06),
(22, 2, 7, 6, 4237.90, 0.86),
(29, 3, 20, 3, 245.16, 0.42),
(19, 4, 19, 8, 4057.80, 0.53),
(20, 5, 25, 8, 2034.84, 0.40),
(16, 6, 27, 3, 1832.90, 0.33),
(25, 7, 28, 8, 3587.22, 0.12),
(23, 8, 12, 6, 1787.34, 0.21),
(26, 9, 4, 5, 1367.11, 0.38),
(13, 10, 15, 5, 4283.68, 0.47),
(11, 11, 30, 3, 2943.27, 0.89),
(6, 12, 2, 4, 3648.94, 0.26),
(10, 13, 9, 3, 2413.68, 0.48),
(24, 14, 14, 8, 2814.67, 0.37),
(9, 15, 11, 5, 2953.21, 0.43),
(7, 16, 21, 9, 3147.83, 0.71),
(12, 17, 26, 6, 3392.92, 0.31),
(21, 18, 1, 7, 4876.55, 0.58),
(30, 19, 3, 4, 4621.78, 0.49),
(3, 20, 8, 2, 4952.34, 0.63),
(5, 21, 6, 8, 1907.26, 0.34),
(14, 22, 5, 4, 2876.92, 0.59),
(2, 23, 24, 9, 1765.43, 0.77),
(8, 24, 22, 6, 2298.18, 0.25),
(28, 25, 10, 2, 1554.68, 0.83),
(15, 26, 13, 7, 2791.42, 0.29),
(17, 27, 16, 5, 1803.27, 0.17),
(18, 28, 29, 8, 4889.99, 0.19),
(4, 29, 18, 9, 4785.67, 0.44),
(1, 30, 23, 2, 4507.83, 0.11);

INSERT INTO production.stocks (store_id, product_id, quantity) VALUES
(15, 22, 10),
(27, 15, 50),
(15, 5, 45),
(27, 11, 14),
(20, 15, 16),
(6, 14, 42),
(24, 18, 29),
(18, 23, 8),
(12, 7, 35),
(30, 9, 23),
(1, 25, 19),
(14, 6, 61),
(22, 2, 78),
(3, 10, 97),
(5, 4, 56),
(9, 28, 11),
(21, 16, 99),
(8, 3, 63),
(7, 26, 22),
(11, 21, 31),
(4, 1, 74),
(13, 20, 85),
(26, 8, 9),
(2, 19, 57),
(17, 17, 47),
(29, 30, 89),
(23, 24, 33),
(28, 13, 44),
(10, 12, 72),
(16, 29, 26);
